"[{'id': 12, 'name': 'Adventure'}, {'id': 14, 'name': 'Fantasy'}, {'id': 10751, 'name': 'Family'}]",8844,Jumanji,"When siblings Judy and Peter discover an enchanted board game that opens the door to a magical world, they unwittingly invite Alan -- an adult who's been trapped inside the game for 26 years -- into their living room. Alan's only hope for freedom is to finish the game, which proves risky as all three find themselves running from giant rhinoceroses, evil monkeys and other terrifying creatures.",https://image.tmdb.org/t/p/w500/vzmL6fP7aPKNKPRTFnZmiUfciyV.jpg,"[{'name': 'TriStar Pictures', 'id': 559}, {'name': 'Teitler Film', 'id': 2550}, {'name': 'Interscope Communications', 'id': 10201}]",15/12/1995,104,Roll the dice and unleash the excitement!,6.9,2413
"[{'id': 28, 'name': 'Action'}, {'id': 35, 'name': 'Comedy'}, {'id': 80, 'name': 'Crime'}]",11517,Money Train,"A vengeful New York transit cop decides to steal a trainload of subway fares; his foster brother, a fellow cop, tries to protect him.",https://image.tmdb.org/t/p/w500/jSozzzVOR2kfXgTUuGnbgG2yRFi.jpg,"[{'name': 'Columbia Pictures', 'id': 5}]",21/11/1995,103,"Get on, or GET OUT THE WAY!",5.4,224
"[{'id': 14, 'name': 'Fantasy'}, {'id': 18, 'name': 'Drama'}, {'id': 35, 'name': 'Comedy'}, {'id': 10751, 'name': 'Family'}]",9598,Babe,"Babe is a little pig who doesn't quite know his place in the world. With a bunch of odd friends, like Ferdinand the duck who thinks he is a rooster and Fly the dog he calls mom, Babe realizes that he has the makings to become the greatest sheep pig of all time, and Farmer Hogget knows it. With the help of the sheep dogs Babe learns that a pig can be anything that he wants to be.",https://image.tmdb.org/t/p/w500/gN6X3fwPya8pLffk9OEWV3DqBnE.jpg,"[{'name': 'Universal Pictures', 'id': 33}, {'name': 'Kennedy Miller Productions', 'id': 2537}]",18/07/1995,89,A little pig goes a long way.,6,756
"[{'id': 28, 'name': 'Action'}, {'id': 12, 'name': 'Adventure'}, {'id': 35, 'name': 'Comedy'}, {'id': 10751, 'name': 'Family'}]",26441,The Big Green,"In a depressed Texas town, British foreign exchange teacher Anna attempts to inject some life into her hopeless kids by introducing them to soccer. They're terrible at first, but Anna and her football-hero assistant whip them into shape. As they work overtime, the pair help kids build their self-esteem and also get involved in solving family squabbles.",https://image.tmdb.org/t/p/w500/erWfSEcjO4LG69Tlm2mED5JMSqH.jpg,"[{'name': 'Walt Disney Pictures', 'id': 2}, {'name': 'Caravan Pictures', 'id': 175}]",29/09/1995,100,The biggest kick of the year!,5.2,41
"[{'id': 35, 'name': 'Comedy'}, {'id': 18, 'name': 'Drama'}, {'id': 10749, 'name': 'Romance'}]",9089,Home for the Holidays,"After losing her job, making out with her soon to be ex-boss, and finding out that her daughter plans to spend Thanksgiving with her boyfriend, Claudia Larson has to face spending the holiday with her family. She wonders if she can survive their crazy antics.",https://image.tmdb.org/t/p/w500/97EKLaslQ4gzkvALtqGCDOmsGHk.jpg,"[{'name': 'Paramount Pictures', 'id': 4}, {'name': 'Egg Pictures', 'id': 802}, {'name': 'PolyGram Filmed Entertainment', 'id': 1382}]",02/11/1995,103,We'll do it every year..until we get it right,6.3,39
"[{'id': 18, 'name': 'Drama'}, {'id': 53, 'name': 'Thriller'}]",17182,Eye for an Eye,"It's fire and brimstone time as grieving mother Karen McCann takes justice into her own hands when a kangaroo court in Los Angeles fails to convict Robert Doob, the monster who raped and murdered her 17-year-old daughter.",https://image.tmdb.org/t/p/w500/y2lZSdJ1o0VvLegTw3ad6KFtxra.jpg,"[{'name': 'Paramount Pictures', 'id': 4}]",12/01/1996,101,What do you do when justice fails?,5.8,65
"[{'id': 10402, 'name': 'Music'}, {'id': 18, 'name': 'Drama'}, {'id': 10751, 'name': 'Family'}]",2054,Mr. Holland's Opus,"In 1965, passionate musician Glenn Holland takes a day job as a high school music teacher, convinced it's just a small obstacle on the road to his true calling: writing a historic opus. As the decades roll by with the composition unwritten but generations of students inspired through his teaching, Holland must redefine his life's purpose.",https://image.tmdb.org/t/p/w500/jYEKdpVvRV3KdyHMUVYyg0KTVSY.jpg,"[{'name': 'Hollywood Pictures', 'id': 915}, {'name': 'The Charlie Mopic Company', 'id': 916}, {'name': 'PolyGram Filmed Entertainment', 'id': 1382}, {'name': 'Interscope Communications', 'id': 10201}]",29/12/1995,137,"Of All the Lives He Changed, the One That Changed the Most Was His Own.",6.9,115
"[{'id': 18, 'name': 'Drama'}, {'id': 10749, 'name': 'Romance'}]",37975,L'uomo delle stelle,The adventures and deceptions of a photographer who travels through the small villages of Sicily pretending that he is working for the big film studios in Rome.,https://image.tmdb.org/t/p/w500/zRLV8Gz4x3k4Dc4Zxbmz7jsqNoN.jpg,"[{'name': 'Cecchi Gori Group Tiger Cinematografica', 'id': 371}]",21/09/1995,113,"In the golden age of cinema, everyone dreams of becoming a star. One man promises to make all their dreams come true...",6.8,29
"[{'id': 18, 'name': 'Drama'}]",249882,Gospa,"In 1981 in Medjugorje (BA), a group of kids claim that Virgin Mary appeared to them on a hill. The local priest believes them and spreads the word. Religious tourism blossoms. The communist government is concerned and arrests the priest.",https://image.tmdb.org/t/p/w500/b8niK1RquKFR7TZBJbWN8zZPCcT.jpg,[],12/10/1995,125,Ready or Not.,7,2
"[{'id': 35, 'name': 'Comedy'}]",11472,Nine Months,"When he finds out his longtime girlfriend is pregnant, a commitment-phobe realizes he might have to change his lifestyle for better or much, much worse.",https://image.tmdb.org/t/p/w500/aYavA2TOqpWVcxQZ31mMlYKqoFM.jpg,"[{'name': 'Twentieth Century Fox Film Corporation', 'id': 306}, {'name': '1492 Pictures', 'id': 436}]",12/07/1995,103,Beyond the horizon lies the secret to a new beginning.,5.5,171
"[{'id': 12, 'name': 'Adventure'}, {'id': 28, 'name': 'Action'}]",9804,Waterworld,"In a futuristic world where the polar ice caps have melted and made Earth a liquid planet, a beautiful barmaid rescues a mutant seafarer from a floating island prison. They escape, along with her young charge, Enola, and sail off aboard his ship. But the trio soon becomes the target of a menacing pirate who covets the map to 'Dryland' – which is tattooed on Enola's back.",https://image.tmdb.org/t/p/w500/yordVJcPLh3VNRL7bXzFIBEhXRr.jpg,"[{'name': 'Universal Pictures', 'id': 33}, {'name': 'Gordon Company', 'id': 1073}, {'name': 'Davis Entertainment', 'id': 1302}, {'name': 'Licht/Mueller Film Corporation', 'id': 6092}]",28/07/1995,135,Can the greatest romance of your life last only one night?,5.9,1017
"[{'id': 18, 'name': 'Drama'}, {'id': 10749, 'name': 'Romance'}]",76,Before Sunrise,"A dialogue marathon of a film, this fairytale love story of an American boy and French girl. During a day and a night together in Vienna their two hearts collide.",https://image.tmdb.org/t/p/w500/jsQy4ZbPHA8hE2O6QU05PpofI61.jpg,"[{'name': 'Detour Film Production', 'id': 98}, {'name': 'Warner Bros.', 'id': 6194}]",27/01/1995,105,The story of the man who thought he was the greatest lover in the world... and the people who tried to cure him of it!,7.7,984
"[{'id': 10749, 'name': 'Romance'}, {'id': 18, 'name': 'Drama'}, {'id': 35, 'name': 'Comedy'}]",1909,Don Juan DeMarco,"John Arnold DeMarco is a man who believes he is Don Juan, the greatest lover in the world. Clad in a cape and mask, DeMarco undergoes psychiatric treatment with Dr. Jack Mickler to cure him of his apparent delusion. But the psychiatric sessions have an unexpected effect on the psychiatric staff and, most profoundly, Dr Mickler, who rekindles the romance in his complacent marriage.",https://image.tmdb.org/t/p/w500/fe0TuYz9jCKUba2Omj48K8bWJ8z.jpg,"[{'name': 'New Line Cinema', 'id': 12}, {'name': 'American Zoetrope', 'id': 70}]",01/10/1994,97,"To crack this case, these two cops will have to flash more than their badges.",6.3,184
"[{'id': 53, 'name': 'Thriller'}, {'id': 35, 'name': 'Comedy'}, {'id': 80, 'name': 'Crime'}, {'id': 10749, 'name': 'Romance'}]",18395,Exit to Eden,"Elliot is going to the island of Eden to live out his submissive fantasies, but inadvertently photographs diamond smugglers at work. Smugglers, and detectives, follow him to the island, where they try to retrieve the film. Elliot begins falling in love with Lisa, the head mistress of the island, and Lisa must evaluate her feelings about Elliot and her own motivations.",https://image.tmdb.org/t/p/w500/9oIEKFVPhgVEzbcbRPDXCdkUgRN.jpg,"[{'name': 'Savoy Pictures', 'id': 11308}]",14/10/1994,113,It's the story of a father who couldn't be closer...to driving his son crazy.,4.3,28
"[{'id': 35, 'name': 'Comedy'}, {'id': 18, 'name': 'Drama'}, {'id': 10749, 'name': 'Romance'}]",10525,Forget Paris,"Mickey Gordon is a basketball referee who travels to France to bury his father. Ellen Andrews is an American living in Paris who works for the airline he flies on. They meet and fall in love, but their relationship goes through many difficult patches. The story is told in flashback by their friends at a restaurant waiting for them to arrive.",https://image.tmdb.org/t/p/w500/l8lq77bNqJY94JCMPI731jwtDsE.jpg,"[{'name': 'Columbia Pictures', 'id': 5}, {'name': 'Castle Rock Entertainment', 'id': 97}]",19/05/1995,101,He's trapped in a world where killing is an art and revenge is an obsession,6.1,38
"[{'id': 10749, 'name': 'Romance'}, {'id': 16, 'name': 'Animation'}, {'id': 10751, 'name': 'Family'}, {'id': 35, 'name': 'Comedy'}, {'id': 12, 'name': 'Adventure'}]",15789,A Goofy Movie,"Though Goofy always means well, his amiable cluelessness and klutzy pratfalls regularly embarrass his awkward adolescent son, Max. When Max's lighthearted prank on his high-school principal finally gets his longtime crush, Roxanne, to notice him, he asks her on a date. Max's trouble at school convinces Goofy that he and the boy need to bond over a cross-country fishing trip like the one he took with his dad when he was Max's age, which throws a kink in his son's plans to impress Roxanne.",https://image.tmdb.org/t/p/w500/bycmMhO3iIoEDzP768sUjq2RV4T.jpg,"[{'name': 'Walt Disney Pictures', 'id': 2}]",07/04/1995,78,Brothers in blood. Partners in crime.,6.7,404
"[{'id': 18, 'name': 'Drama'}, {'id': 10402, 'name': 'Music'}, {'id': 10749, 'name': 'Romance'}]",13701,Immortal Beloved,"The life and death of the legendary Ludwig van Beethoven. Beside all the work he is known for, the composer once wrote a famous love letter to a nameless beloved and the movie tries to find out who this beloved was. Not easy as Beethoven has had many women in his life.",https://image.tmdb.org/t/p/w500/meRFVzGpBJiObWfdtOoNr0UPsP4.jpg,"[{'name': 'Columbia Pictures', 'id': 5}, {'name': 'Majestic Films International', 'id': 2630}, {'name': 'Icon Entertainment International', 'id': 4564}]",16/12/1994,121,Jack wants to marry Ben's mother. But there are strings attached.,6.9,90
"[{'id': 28, 'name': 'Action'}, {'id': 53, 'name': 'Thriller'}]",32631,The Hunted,A businessman on a trip to Tokyo ends up in the middle of a centuries old feud between a criminal Ninja cult and a Samurai when he witnesses a assassination performed by the Ninja-cult leader.,https://image.tmdb.org/t/p/w500/llu5wgQGYyMVDnz4p8ds8Um3lUa.jpg,"[{'name': 'Universal Pictures', 'id': 33}, {'name': 'Bregman/Baer Productions', 'id': 11393}]",24/02/1995,106,Three generations of dreams.,6,25
"[{'id': 28, 'name': 'Action'}, {'id': 18, 'name': 'Drama'}]",47504,Little Odessa,"The film follows the personal relationship between a father and his two sons, one of whom is a hit-man for the Russian mafia in Brooklyn.",https://image.tmdb.org/t/p/w500/9BQrTWQodxm0G349yruhRuJV38q.jpg,"[{'name': 'Fine Line Features', 'id': 8}, {'name': 'New Line Cinema', 'id': 12}, {'name': 'Live Entertainment', 'id': 285}]",27/10/1994,98,This animal carries a deadly virus... and the greatest medical crisis in the world is about to happen.,6.4,31
"[{'id': 18, 'name': 'Drama'}, {'id': 10749, 'name': 'Romance'}]",43742,Love Affair,"Ex-football star Mike Gambril meets Terry McKay on a flight to Sydney, which is forced to land on a small atoll. They become romantic on board a ship sent to take them to a larger island. They agree to meet in New York three months later to see if the attraction is real. One shows up but the other doesn't. However, a chance meeting brings them together again.",https://image.tmdb.org/t/p/w500/mQMCPf0GUaOjKYFTdmL8w8udnJX.jpg,"[{'name': 'Warner Bros.', 'id': 6194}]",21/10/1994,108,Just because you are a character doesn't mean you have character.,4.3,11
"[{'id': 35, 'name': 'Comedy'}, {'id': 18, 'name': 'Drama'}, {'id': 36, 'name': 'History'}]",11318,The Madness of King George,"Nicholas Hytner’s much awarded 1994 drama, based on Alan Bennett's West End play. George III's erratic behaviour leads to a plot in Parliament to have him declared insane and removed from the throne.",https://image.tmdb.org/t/p/w500/Apgj4j73aUyMkNaPoSuQ7DJbt1M.jpg,"[{'name': 'Channel Four Films', 'id': 181}, {'name': 'Samuel Goldwyn Company', 'id': 798}, {'name': 'Close Call Films', 'id': 23022}]",28/12/1994,107,Fifty million people watched but no one saw a thing.,6.7,67
"[{'id': 28, 'name': 'Action'}, {'id': 35, 'name': 'Comedy'}, {'id': 10751, 'name': 'Family'}]",40490,Man of the House,"Ben Archer is not happy. His mother, Sandy, has just met a man, and it looks like things are pretty serious. Driven by a fear of abandonment, Ben tries anything and everything to ruin the ""love bubble"" which surrounds his mom. However, after Ben and Jack's experiences in the Indian Guides, the two become much closer.",https://image.tmdb.org/t/p/w500/6bnOhhrrrq6RZhMgz4aGyqbJ9Wf.jpg,"[{'name': 'Walt Disney Pictures', 'id': 2}]",03/03/1995,96,Stupid tricks. Outrageous chaos. Total destruction. They're taking it on the road.,5.1,40
"[{'id': 35, 'name': 'Comedy'}, {'id': 18, 'name': 'Drama'}]",38722,My Family,"Traces over three generations an immigrant family's trials, tribulations, tragedies, and triumphs. Maria and Jose, the first generation, come to Los Angeles, meet, marry, face deportation all in the 1930's. They establish their family in East L.A., and their children Chucho, Paco, Memo, Irene, Toni, and Jimmy deal with youth culture and the L.A. police in the 50's. As the second generation become adults in the 60's, the focus shifts to Jimmy, his marriage to Isabel (a Salvadorian refugee), their son, and Jimmy's journey to becoming a responsible parent.",https://image.tmdb.org/t/p/w500/wDV4MCBmmTdgNQTv2tYbQg5diaB.jpg,"[{'name': 'American Zoetrope', 'id': 70}, {'name': 'American Playhouse', 'id': 3906}, {'name': 'Majestic Films International', 'id': 20928}, {'name': 'Newcomb Productions', 'id': 89873}]",03/05/1995,128,Ready for your deadtime story?,7,11
"[{'id': 28, 'name': 'Action'}, {'id': 18, 'name': 'Drama'}, {'id': 878, 'name': 'Science Fiction'}, {'id': 53, 'name': 'Thriller'}]",6950,Outbreak,"A deadly airborne virus finds its way into the USA and starts killing off people at an epidemic rate. Col Sam Daniels' job is to stop the virus spreading from a small town, which must be quarantined, and to prevent an over reaction by the White House.",https://image.tmdb.org/t/p/w500/4KymNvlWR0XF0sqX2BWRd9Z3yXR.jpg,"[{'name': 'Kopelson Entertainment', 'id': 824}, {'name': 'Punch Productions', 'id': 2154}, {'name': 'Warner Bros.', 'id': 6194}, {'name': 'Arnold Kopelson Productions', 'id': 16775}]",10/03/1995,127,Everyone hated this baseball legend. And he loved it.,6.4,522
"[{'id': 53, 'name': 'Thriller'}, {'id': 80, 'name': 'Crime'}]",680,Pulp Fiction,"A burger-loving hit man, his philosophical partner, a drug-addled gangster's moll and a washed-up boxer converge in this sprawling, comedic crime caper. Their adventures unfurl in three stories that ingeniously trip back and forth in time.",https://image.tmdb.org/t/p/w500/dM2w364MScsjFf8pfMbaWUcWrR.jpg,"[{'name': 'Miramax Films', 'id': 14}, {'name': 'A Band Apart', 'id': 59}, {'name': 'Jersey Films', 'id': 216}]",10/09/1994,154,"For Lisette, everyday has become independence day.",8.3,8670
"[{'id': 36, 'name': 'History'}, {'id': 18, 'name': 'Drama'}]",11450,Quiz Show,Quiz Show is a 1994 American historical drama film which tells the true story of the Twenty One quiz show scandal of the 1950s.,https://image.tmdb.org/t/p/w500/yoGJo1h3Hl2exXPVcG9UXWDENtX.jpg,"[{'name': 'Wildwood Enterprises', 'id': 316}, {'name': 'Hollywood Pictures', 'id': 915}, {'name': 'Baltimore Pictures', 'id': 11407}]",16/09/1994,133,Romance Was Never More Dangerous!,7.1,262
"[{'id': 35, 'name': 'Comedy'}]",27993,Senior Trip,"While on detention, a group of misfits and slackers have to write a letter to the President explaining what is wrong with the education system. There is only one problem, the President loves it! Hence, the group must travel to Washington to meet the Main Man.",https://image.tmdb.org/t/p/w500/qfMbFIGNIQ76FEu7Wg48aEbxFh1.jpg,"[{'name': 'New Line Cinema', 'id': 12}, {'name': '1992 Number Four Limited Partnership', 'id': 4733}, {'name': 'MHA', 'id': 4734}]",08/09/1995,91,The Family Just Got A Little Stranger,5.7,23
"[{'id': 27, 'name': 'Horror'}, {'id': 35, 'name': 'Comedy'}, {'id': 53, 'name': 'Thriller'}]",9059,Tales from the Crypt: Demon Knight,A man on the run is hunted by a demon known as the Collector.,https://image.tmdb.org/t/p/w500/8uD5yk0ECebJ59lhvhTBKhUojc.jpg,"[{'name': 'Universal Pictures', 'id': 33}, {'name': 'Tales From The Crypt Holdings', 'id': 69626}]",13/01/1995,92,A Warrior. A Leader. A Legend.,6.7,96
"[{'id': 35, 'name': 'Comedy'}, {'id': 18, 'name': 'Drama'}]",34152,Crooklyn,"From Spike Lee comes this vibrant semi-autobiographical portrait of a school-teacher, her stubborn jazz-musician husband and their five kids living in '70s Brooklyn.",https://image.tmdb.org/t/p/w500/iFqe07F78SO0SIBzWcK4I5MwNvP.jpg,"[{'name': 'Universal Pictures', 'id': 33}, {'name': '40 Acres & A Mule Filmworks', 'id': 4319}]",13/05/1994,115,Just deux it.,6.7,31
"[{'id': 18, 'name': 'Drama'}]",29973,Cobb,"Al Stump is a famous sports-writer chosen by Ty Cobb to co-write his official, authorized 'autobiography' before his death. Cobb, widely feared and despised, feels misunderstood and wants to set the record straight about 'the greatest ball-player ever,' in his words.",https://image.tmdb.org/t/p/w500/k6FYPlBJbH6e7UrDQ9B6LTNDSkD.jpg,"[{'name': 'Regency Enterprises', 'id': 508}, {'name': 'Alcor Films', 'id': 644}, {'name': 'Warner Bros.', 'id': 6194}, {'name': 'Aleor Films', 'id': 16823}]",02/12/1994,128,A fatherless boy had almost given up all his dreams... until one man believed in him enough to make them come true.,6.1,29
"[{'id': 35, 'name': 'Comedy'}, {'id': 18, 'name': 'Drama'}, {'id': 10749, 'name': 'Romance'}]",48992,I Like It Like That,"Lisette and husband Chino face marital difficulties. She is fed up with the kids, while he has job troubles. His mother Rosaria hates Lisette and the neighborhood tramp has designs on Chino. Things get even worse when Chino goes to jail and Lisette gets a good job uptown. Can this marriage be saved?",https://image.tmdb.org/t/p/w500/5KYvQJGgrvceGhsRe8ydSpU7A8a.jpg,"[{'name': 'Columbia Pictures Corporation', 'id': 441}, {'name': 'Think Again Productions', 'id': 37294}, {'name': 'Riot of Color', 'id': 37295}]",14/10/1994,104,The Shadow Knows!,6.3,4
"[{'id': 28, 'name': 'Action'}, {'id': 35, 'name': 'Comedy'}, {'id': 10749, 'name': 'Romance'}]",10879,I Love Trouble,"Rival Chicago reporters Sabrina Peterson (Roberts) and Peter Brackett (Nolte) reluctantly join forces to uncover a train wreck conspiracy and bite off more than they can chew while pursuing the story and bickering along the way - and falling in love, despite the fact that he's many years older than she.Sabrina is an ambitious, gifted reporter willing to do whatever it takes to learn the truth about the train accident, which leads her into conflict, then reluctant partnership, with fading star newsman Peter who works for a rival paper. He is her polar opposite: he chases women, smokes cigars, and has just published his first novel. During their pursuit of the story, Peter and Sabrina clash over virtually everything - he also subjects Sabrina to indecent exposure in front of a group of boy scouts after he catches her skinny dipping.",https://image.tmdb.org/t/p/w500/kOiWROfIm3Drk4EHr4XdNKNk5oZ.jpg,"[{'name': 'Caravan Pictures', 'id': 175}, {'name': 'Touchstone Pictures', 'id': 9195}]",29/06/1994,123,"For Paul, every person is a new door to a new world.",5.3,41
"[{'id': 35, 'name': 'Comedy'}, {'id': 10751, 'name': 'Family'}, {'id': 14, 'name': 'Fantasy'}]",2758,Addams Family Values,"Siblings Wednesday and Pugsley Addams will stop at nothing to get rid of Pubert, the new baby boy adored by parents Gomez and Morticia. Things go from bad to worse when the new ""black widow"" nanny, Debbie Jellinsky, launches her plan to add Fester to her collection of dead husbands.",https://image.tmdb.org/t/p/w500/zEwEXGDvJ8Ou2s6XbLMPvMTX53S.jpg,"[{'name': 'Paramount Pictures', 'id': 4}, {'name': 'Orion Pictures', 'id': 41}, {'name': 'Scott Rudin Productions', 'id': 258}]",19/11/1993,94,"For one juror, the question of guilt or innocence is a matter of life or death... her own.",6.5,537
"[{'id': 28, 'name': 'Action'}, {'id': 35, 'name': 'Comedy'}, {'id': 18, 'name': 'Drama'}, {'id': 37, 'name': 'Western'}]",11310,City Slickers II: The Legend of Curly's Gold,"On Mitch Robbins 40th birthday begins quite well until he returns home and finds his brother Glen, the black sheep of the family, in his sofa. Nevertheless he is about to have a wonderful birthday-night with his wife when he discovers a treasure map of Curly by chance. Together with Phil and unfortunately with Glen he tries to find the hidden gold of Curly's father in the desert of Arizona.",https://image.tmdb.org/t/p/w500/gh0lsyJARglhpbKmnY8i8M7V5bI.jpg,"[{'name': 'Columbia Pictures', 'id': 5}, {'name': 'Castle Rock Entertainment', 'id': 97}]",10/06/1994,116,Who needs God and Heaven? We can change this lousy world.,4.9,103
"[{'id': 35, 'name': 'Comedy'}, {'id': 53, 'name': 'Thriller'}, {'id': 9648, 'name': 'Mystery'}]",18658,Clean Slate,"Pogue is a private eye with a problem: every morning when he wakes up, he has total amnesia, waking up with a 'blank slate'. Since he is in the middle of a hot investigation and has a developing romance, this is less than convenient.",https://image.tmdb.org/t/p/w500/kAYsvQvBVshLHGTIDGHcj9jTJq0.jpg,"[{'name': 'Metro-Goldwyn-Mayer (MGM)', 'id': 8411}]",06/05/1994,107,Mischief loves company,5.7,25
"[{'id': 28, 'name': 'Action'}, {'id': 35, 'name': 'Comedy'}, {'id': 10751, 'name': 'Family'}]",26261,Cops & Robbersons,"Hard-as-nails cop Jake Stone moves in with the Robbersons so he can watch a hitman who has moved in next door. The Hitman is one thing, but can you survive the Robberson family.",https://image.tmdb.org/t/p/w500/wnkWgFU5UcLwbExCp1YtCg5Ox4E.jpg,"[{'name': 'TriStar Pictures', 'id': 559}]",15/04/1994,93,Experts with fists and guns and not afraid to use them.,5,36
"[{'id': 35, 'name': 'Comedy'}, {'id': 53, 'name': 'Thriller'}, {'id': 9648, 'name': 'Mystery'}, {'id': 10749, 'name': 'Romance'}, {'id': 10769, 'name': 'Foreign'}]",25440,Widows' Peak,Scandal and mystery reign following the arrival of Edwina in a small Irish town populated entirely by widows. Edwina quickly falls out with the locals while also falling in with the son of the community's leader,https://image.tmdb.org/t/p/w500/xXyVUwvJesJJChzpvn7xj5cAOfm.jpg,"[{'name': 'Fine Line Features', 'id': 8}]",13/05/1994,101,"If you only want to spend two hours in a movie theatre and go home and forget it, stay away from THE WILD BUNCH.",4.3,3
"[{'id': 80, 'name': 'Crime'}, {'id': 18, 'name': 'Drama'}, {'id': 53, 'name': 'Thriller'}]",13815,Fresh,"Michael is a 12-year-old drug pusher who lives in a crowded house with his cousins and aunt. His father has become a street bum,but still meets with Fresh on occasion to play chess. Fresh is rather quiet in a crazy world. Fresh's sister is a junkie who sleeps with the dealers that Fresh sells for. As the story progresses Fresh realizes that he doesn't want to sell drugs anymore - he wants revenge.",https://image.tmdb.org/t/p/w500/uXRIIUzjDZZdWR2cUzPJ9eAqaHv.jpg,"[{'name': 'Miramax Films', 'id': 14}]",24/08/1994,114,Every woman has a secret...,7.6,56
"[{'id': 36, 'name': 'History'}, {'id': 28, 'name': 'Action'}, {'id': 18, 'name': 'Drama'}, {'id': 37, 'name': 'Western'}]",35588,Geronimo: An American Legend,"The Apache Indians have reluctantly agreed to settle on a US Government approved reservation. Not all the Apaches are able to adapt to the life of corn farmers. One in particular, Geronimo, is restless. Pushed over the edge by broken promises and necessary actions by the government, Geronimo and thirty or so other warriors form an attack team which humiliates the government by evading capture, whi",https://image.tmdb.org/t/p/w500/cipYLKXoT3PRPIccwUN47bZvYhO.jpg,"[{'name': 'Columbia Pictures', 'id': 5}]",10/12/1993,115,Suddenly the word is Alphaville... and a secret agent is in a breathless race against the Masters of the Future.,5.9,44
"[{'id': 28, 'name': 'Action'}, {'id': 35, 'name': 'Comedy'}, {'id': 10752, 'name': 'War'}]",9255,Hot Shots! Part Deux,"Topper Harley is found to be working as an odd-job-man in a monastery. The CIA want him to lead a rescue mission into Iraq, to rescue the last rescue team, who went in to rescue the last rescue team who... who went in to rescue hostages left behind after Desert Storm.",https://image.tmdb.org/t/p/w500/oOXt9gmvsbnoNAx6s202GDTirfw.jpg,"[{'name': 'Twentieth Century Fox Film Corporation', 'id': 306}, {'name': 'Sidley Wright & Associates', 'id': 11751}]",21/05/1993,86,"In 1939, Elena went to Paris searching for her voice as a writer. What she found was her voice as a woman.",6.2,463
"[{'id': 18, 'name': 'Drama'}]",10502,The Man without a Face,"The story of a relationship between a teacher and his troubled pupil. Justin McLeod is a former teacher who lives as a recluse on the edge of town. His face is disfigured from an automobile accident and fire ten years before in which a boy was incinerated and for which he was convicted of involuntary manslaughter. He is also suspected of being a pedophile. He is befriended by Chuck, causing the town's suspicion and hostility to be ignited. McLeod inculcates in his protege a love of justice and freedom from prejudice which sustains him beyond the end of the film.",https://image.tmdb.org/t/p/w500/24QERLoucnNZIE0gGYdCFzi58IV.jpg,"[{'name': 'Icon Entertainment International', 'id': 4564}, {'name': 'Warner Bros.', 'id': 6194}]",25/08/1993,114,Brian's about to discover the woman he loves isn't the woman he loves.,6.2,125
"[{'id': 18, 'name': 'Drama'}]",41878,Les Nuits Fauves,"Jean is young, gay, and promiscuous. Only after he meets one or two women, including Laura does he come to realize his bisexuality. Jean has to overcome a personal crisis and a tough choice between Laura and his male lover Samy.",https://image.tmdb.org/t/p/w500/i9Yg2QH13DfezpKVvdrl0Olpe9V.jpg,"[{'name': 'Société Nouvelle de Cinématographie', 'id': 249}, {'name': 'La Sept Cinéma', 'id': 16366}]",19/08/1992,126,One bad apple can spoil the whole line-up.,6.2,11
"[{'id': 12, 'name': 'Adventure'}, {'id': 14, 'name': 'Fantasy'}, {'id': 28, 'name': 'Action'}, {'id': 53, 'name': 'Thriller'}, {'id': 878, 'name': 'Science Fiction'}]",8850,The Shadow,"Based on the 1930's comic strip, puts the hero up against his arch enemy, Shiwan Khan, who plans to take over the world by holding a city to ransom using an atom bomb. Using his powers of invisibility and ""The power to cloud men's minds"", the Shadow comes blazing to the city's rescue with explosive results.",https://image.tmdb.org/t/p/w500/uk2DdXqdGiFfF5PrvvadQHKES1o.jpg,"[{'name': 'Universal Pictures', 'id': 33}]",01/07/1994,108,It found a voice... Now it needs a body.,5.4,140
"[{'id': 9648, 'name': 'Mystery'}, {'id': 18, 'name': 'Drama'}, {'id': 35, 'name': 'Comedy'}]",23210,Six Degrees of Separation,"The story of a young, gay black con artist who, posing as the son of Sidney Poitier, cunningly maneuvers his way into the lives of a white, upper-class New York family.",https://image.tmdb.org/t/p/w500/uBbjfRWu5Z9YbzC1LyvA0o1DeyZ.jpg,"[{'name': 'Metro-Goldwyn-Mayer (MGM)', 'id': 8411}, {'name': 'New Regency Pictures', 'id': 10104}, {'name': 'Maiden Movies', 'id': 36889}]",08/12/1993,112,Let the curse fit the crime.,6.5,75
"[{'id': 18, 'name': 'Drama'}, {'id': 28, 'name': 'Action'}, {'id': 53, 'name': 'Thriller'}]",41590,Trial by Jury,"Valerie is a juror in the trail of a mob boss. When her young son's life is threatened, she has no option other than to see that justice isn't done.",https://image.tmdb.org/t/p/w500/qv6iQOtIbktcUZcE7VIoComjtMI.jpg,"[{'name': 'Warner Bros.', 'id': 6194}, {'name': 'Morgan Creek Productions', 'id': 10210}]",09/09/1994,107,The greatest danger facing our world has been the planet's best kept secret... until now.,5.5,5
"[{'id': 18, 'name': 'Drama'}, {'id': 35, 'name': 'Comedy'}]",161158,"Paris, France",A writer has torrid fantasy affairs with young men.,https://image.tmdb.org/t/p/w500/aiJ6foo0jdOaJj3vnbxZTlI2JvX.jpg,"[{'name': 'Téléfilm Canada', 'id': 806}, {'name': 'The Ontario Film Development Corporation', 'id': 1203}, {'name': 'Alliance Communications Corporation', 'id': 2480}]",04/02/1994,112,Slam Evil!,6,2
"[{'id': 18, 'name': 'Drama'}, {'id': 10749, 'name': 'Romance'}]",51980,Germinal,"It's mid 19th century, north of France. The story of a coal miner's town. They are exploited by the mine's owner. One day the decide to go on strike, and then the authorities repress them",https://image.tmdb.org/t/p/w500/uGDqQAosD7HDD1YZd5sgoSLoNfT.jpg,"[{'name': 'Renn Productions', 'id': 82}, {'name': 'France 2 Cinéma', 'id': 83}, {'name': 'DD Productions', 'id': 1524}]",29/09/1993,160,Love is a chain of love... as nature is a chain of life.,6.3,43
"[{'id': 35, 'name': 'Comedy'}, {'id': 10749, 'name': 'Romance'}]",11800,Naked in New York,"Naked in New York begins in the car of grown up Jake, he is talking to us about his girlfriend, Joanne, (watch for the facial expressions) and to whom you can turn to for help while facing life ('your parents, nyaa, I don't think so'). From there it flashes back to his memories of his parents, college, house across from a squirrel infested peanut factory, best friend, writing career and Joanne.",https://image.tmdb.org/t/p/w500/k9dfMyKqAPxMF9Qelw0rvHbf34Z.jpg,"[{'name': 'Fine Line Features', 'id': 8}, {'name': 'Some Film', 'id': 2658}]",10/11/1993,95,Torrid!...Tantalizing!...Tempestuous!...,4,3
"[{'id': 10749, 'name': 'Romance'}, {'id': 35, 'name': 'Comedy'}, {'id': 10751, 'name': 'Family'}]",10897,The Little Rascals,"Spanky, Alfalfa, Buckwheat, and the other characters made famous in the Our Gang shorts of the 1920s and 1930s are brought back to life in this nostalgic children's comedy. When Alfalfa starts to question his devotion to the club's principles after falling for the beautiful nine-year old Darla, the rest of the gang sets out to keep them apart.",https://image.tmdb.org/t/p/w500/bYpc0diOR3nk9yZeDXEHmsjuKjI.jpg,"[{'name': 'Universal Pictures', 'id': 33}, {'name': 'Amblin Entertainment', 'id': 56}, {'name': 'King World Entertainment', 'id': 23506}]",05/08/1994,82,Snake Is Back.,6.3,214
"[{'id': 53, 'name': 'Thriller'}, {'id': 28, 'name': 'Action'}, {'id': 18, 'name': 'Drama'}]",80350,Tough and Deadly,A private eye helps an amnesiac CIA agent elude mobsters who don't want him to regain his memory of their drug operation.,https://image.tmdb.org/t/p/w500/2NZiMx5PhtEgKFRnVzGkIWFdYRZ.jpg,"[{'name': 'Shapiro-Glickenhaus Entertainment', 'id': 16636}]",14/02/1995,92,An offer you can't refuse.,6.3,4
"[{'id': 12, 'name': 'Adventure'}, {'id': 37, 'name': 'Western'}]",576,The Wild Bunch,"Aging outlaw Pike Bishop (William Holden) prepares to retire after one final robbery. Joined by his gang, which includes Dutch Engstrom (Ernest Borgnine) and brothers Lyle (Warren Oates) and Tector Gorch (Ben Johnson), Bishop discovers the heist is a setup orchestrated in part by his old partner, Deke Thornton (Robert Ryan). As the remaining gang takes refuge in Mexican territory, Thornton trails them, resulting in fierce gunfights with plenty of casualties",https://image.tmdb.org/t/p/w500/zZhp7p8qvfVrSLKpOFHcKjpEj8f.jpg,"[{'name': 'Warner Brothers/Seven Arts', 'id': 4051}]",17/06/1969,145,"Liar. Thief. Murderer. He hated all of humanity, himself most of all.",7.7,266
"[{'id': 18, 'name': 'Drama'}, {'id': 10749, 'name': 'Romance'}]",4307,La flor de mi secreto,"Marisa Paredes is Leocadia (""Leo"") Macias, a woman writing “pink” romance novels under the alias of Amanda Gris that are very popular all across Spain. Unlike her romantic novels, her own love life is troubled. Leo has a less than happy relationship with her husband Paco, a military officer stationed in Brussels then later in Bosnia, who is distant both physically and emotionally.",https://image.tmdb.org/t/p/w500/ssWPuAaSbIwWczkKAfvk2hTAVoX.jpg,"[{'name': 'El Deseo', 'id': 49}, {'name': 'Ciby 2000', 'id': 105}]",22/09/1995,107,The gates of hell are unlocked.,6.9,43
"[{'id': 35, 'name': 'Comedy'}, {'id': 18, 'name': 'Drama'}]",44281,Asfour Stah,"Twelve-year-old Noura dangles uncertainly in that difficult netherworld between childhood and adulthood. His growing libido has gotten him banned from the women's baths, where his mother took him when he was younger, but he's not yet old enough to participate in grown-up discussions with the men of his Tunisian village. Noura's only real friend is a troublemaker named Salih -- the village political outcast.",https://image.tmdb.org/t/p/w500/uI7hb9flZetd0KZoN2BGHLq4uvZ.jpg,"[{'name': 'Cinétéléfilms', 'id': 71842}, {'name': 'France Média', 'id': 75423}, {'name': 'Les Films du Scarabée', 'id': 75424}]",01/01/1990,98,What a Glorious Feeling!,7.4,5
"[{'id': 10749, 'name': 'Romance'}, {'id': 18, 'name': 'Drama'}]",398959,Roula - Dunkle Geheimnisse,"Troubled Roula finds herself drawn to Leon, an author of children's books who has suffered an enormous emotional and creative blockage ever since his wife died in a motorcycle accident two years before. Leon has only his 12-year-old daughter Tanja to keep him company. As romance blooms between Leon and Roula, his daughter approves. Unfortunately, Roula is carrying heavy emotional baggage stemming from the incest she suffered at the hands of her father.",https://image.tmdb.org/t/p/w500/7vlYt3ekwqi8zD6zZp6YatixdQN.jpg,"[{'name': 'Roxy Film', 'id': 101}, {'name': 'Made in Munich Filmproduktion', 'id': 80481}]",11/09/1995,97,'S Wonderful! 'S Marvelous!,5,1
"[{'id': 18, 'name': 'Drama'}, {'id': 10749, 'name': 'Romance'}]",12652,Nelly & Monsieur Arnaud,"Nelly leaves her lazy, unemployed husband to work for retired judge Mr Arnaud, forty years her senior, after he offers to clear her bills for her. While she types his memoirs the two develop a close friendship, but Arnaud becomes jealous when Nelly begins dating his good-looking young publisher.",https://image.tmdb.org/t/p/w500/vtQl8XRlR0YRAHSZvBweMeePrVu.jpg,[],12/04/1996,106,It's all about women... and their men!,7.1,16
"[{'id': 18, 'name': 'Drama'}]",5801,পথের পাঁচালী,"The film is a coming-of-age story of a young boy named Apu, and life in his small Indian village in the early years of the 20th century. Apu is born to a poor Brahmin family in Bengal. His father Harihar is a priest who dreams of becoming a successful poet and a playwright; he does not earn enough, but the mother Sarbajaya keeps the family going. Because of their limited resources, Sarbajaya resents having to share her home with Harihar's elderly cousin: the old and helpless cripple Indir. Apu's sister Durga is always getting into trouble for stealing guavas from the neighbour's orchards for Indir. She cares for Apu like a good older sister but loves to affectionately tease him. Together, they make do with what they have and enjoy the simple joys of life.",https://image.tmdb.org/t/p/w500/frZj5djlU9hFEjMcL21RJZVuG5O.jpg,"[{'name': 'Government of West Bengal', 'id': 1984}]",26/08/1955,125,WANTED by the police in all the luxury-spots of Europe!... A catch for any woman!,7.9,63
"[{'id': 18, 'name': 'Drama'}]",896,অপুর সংসার,Apu is a jobless ex-student dreaming vaguely of a future as a writer. An old college friend talks him into a visit up-country to a village wedding....,https://image.tmdb.org/t/p/w500/6Tz1Q69o2n3Zwb0ZffzPL0nFt2T.jpg,"[{'name': 'Satyajit Ray Productions', 'id': 26424}]",01/05/1959,117,You're invited . . . to a hilarious wedding !,8.2,40
"[{'id': 18, 'name': 'Drama'}, {'id': 878, 'name': 'Science Fiction'}, {'id': 9648, 'name': 'Mystery'}]",8072,"Alphaville, une étrange aventure de Lemmy Caution","An American private-eye, arrives in Alphaville, a futuristic city on another planet which is ruled by an evil scientist named Von Braun, who has outlawed love and self-expression.",https://image.tmdb.org/t/p/w500/fFJP3D5fJDFxN7ChqSye1DZ0fTL.jpg,"[{'name': 'Filmstudio', 'id': 46654}, {'name': 'Athos Films', 'id': 54659}, {'name': 'Chaumiane', 'id': 63558}]",05/05/1965,100,Love is a game any number can play... especially in the afternoon...,6.8,100
"[{'id': 27, 'name': 'Horror'}, {'id': 18, 'name': 'Drama'}, {'id': 53, 'name': 'Thriller'}]",83857,Windows,"Shire is the subject of a perverse obsession by a Lesbian neighbor, Andrea, who not only is in lust with her but hires a rapist in order to get audio tapes of her moaning. Ashley turns pepping tom and watches Shire with a telescope as she begins an affair with Det. Cortese.",https://image.tmdb.org/t/p/w500/1JaMXfXuVfkt3QMATaZE1jblaKk.jpg,"[{'name': 'Mike Lobell Productions', 'id': 52599}]",18/01/1980,96,It's a wonderful laugh! It's a wonderful love!,5.8,9
"[{'id': 28, 'name': 'Action'}, {'id': 53, 'name': 'Thriller'}]",20762,The Substitute,"After he did some jobs for CIA, ex-marine John Shale is visiting his high school love Jane. She's now a teacher in Columbus High School in Miami. Soon after his arriving Jane has her knee cap broken while jogging. After that, John decides to go undercover as her substitute in high school. Very soon he finds out that gang named Kings of Destruction is terrorizing the school.",https://image.tmdb.org/t/p/w500/jlhe2SKWqW3F7BEQl3sOkgXLtkW.jpg,"[{'name': 'Live Entertainment', 'id': 285}]",19/04/1996,114,The sensational story of youth on a fling,5.8,60
"[{'id': 80, 'name': 'Crime'}, {'id': 18, 'name': 'Drama'}, {'id': 10749, 'name': 'Romance'}, {'id': 53, 'name': 'Thriller'}]",48260,Butterfly Kiss,"Eunice is walking along the highways of northern England from one filling station to another. She is searching for Judith, the woman, she says to be in love with. It's bad luck for the women at the cash desk not to be Judith, because Eunice is eccentric, angry and extreme dangerous. One day she meets Miriam, hard of hearing and a little ingenuous, who feels sympathy for Eunice and takes her home. Miriam is very impressed by Eunice's fierceness and willfulness and follows her on the search for Judith. Shocked by Eunice's cruelty she tries to make her a better person, but she looses ground herself.",https://image.tmdb.org/t/p/w500/tIN2dXB01aKycVqhcQ2PKTuQIhV.jpg,"[{'name': 'Dan Films', 'id': 1854}, {'name': 'Merseyside Film Production Fund', 'id': 8095}, {'name': 'British Screen Productions', 'id': 12745}]",18/08/1995,88,The mightiest motion picture of them all!,7.4,5
"[{'id': 18, 'name': 'Drama'}, {'id': 10749, 'name': 'Romance'}]",38867,Delta of Venus,"A struggling American writer and a fellow American expatriate begin a sordid affair among the chaos and discord of 1940 Paris, France on the brink of World War II.",https://image.tmdb.org/t/p/w500/tV3GHas7BjqjNB6ta4SvL4TS6fv.jpg,"[{'name': 'New Line Cinema', 'id': 12}, {'name': 'Alliance Communications Corporation', 'id': 2480}, {'name': 'Evzen Kolar Productions', 'id': 26109}]",09/06/1995,99,"Foot-free Fred and joyous Ginger...in their gayest, gladdest show!",3.3,5
"[{'id': 35, 'name': 'Comedy'}, {'id': 10749, 'name': 'Romance'}]",8866,The Truth About Cats & Dogs,A successful veterinarian and radio show host with low self-esteem asks her model friend to impersonate her when a handsome man wants to see her.,https://image.tmdb.org/t/p/w500/zN4ffEQguITyRULhgxddNE6m8zd.jpg,"[{'name': 'Twentieth Century Fox Film Corporation', 'id': 306}, {'name': 'Noon Attack Pictures', 'id': 55140}]",26/04/1996,93,An Original Philip Marlowe Mystery,5.7,86
"[{'id': 35, 'name': 'Comedy'}]",25697,Getting Away with Murder,"When the very moralistic college ethics instructor Jack Lambert finds himself living next door to an accused German death camp commander, he takes it upon himself to rid the world of this man.",https://image.tmdb.org/t/p/w500/xwiZZv8jSPx4F1vvXoJthBY6FRb.jpg,"[{'name': 'The Rank Organisation', 'id': 364}, {'name': 'Price', 'id': 1121}, {'name': 'Savoy Pictures', 'id': 11308}]",12/04/1996,91,SPENCER TRACY in his most suspenseful role...ERNEST HEMINGWAY'S story of Heroism...Defeat...Victory!,5.5,6
"[{'id': 28, 'name': 'Action'}, {'id': 16, 'name': 'Animation'}, {'id': 878, 'name': 'Science Fiction'}]",9323,GHOST IN THE SHELL,"In the year 2029, the barriers of our world have been broken down by the net and by cybernetics, but this brings new vulnerability to humans in the form of brain-hacking. When a highly-wanted hacker known as 'The Puppetmaster' begins involving them in politics, Section 9, a group of cybernetically enhanced cops, are called in to investigate and stop the Puppetmaster.",https://image.tmdb.org/t/p/w500/9gC88zYUBARRSThcG93MvW14sqx.jpg,"[{'name': 'Bandai Visual Company', 'id': 528}, {'name': 'Kodansha', 'id': 6999}, {'name': 'Production I.G.', 'id': 12657}]",18/11/1995,83,If a woman answers...hang on for dear life!,7.8,854
"[{'id': 27, 'name': 'Horror'}, {'id': 53, 'name': 'Thriller'}]",10280,Thinner,"A fat Lawyer finds himself growing ""Thinner"" when an old gypsy man places a hex on him. Now the lawyer must call upon his friends in organized crime to help him persuade the gypsy to lift the curse. Time is running out for the desperate lawyer as he draws closer to his own death, and grows ever thinner.",https://image.tmdb.org/t/p/w500/wmnTIiRf3Nl5jhMlqLRXQY5msN6.jpg,"[{'name': 'Paramount Pictures', 'id': 4}, {'name': 'Spelling Films', 'id': 10355}]",25/10/1996,92,In a sleepy midwestern town... A horrifying evil is about to rise again!,5.5,125
"[{'id': 28, 'name': 'Action'}, {'id': 9648, 'name': 'Mystery'}, {'id': 878, 'name': 'Science Fiction'}, {'id': 53, 'name': 'Thriller'}]",10547,The Arrival,"Zane Ziminski is an astrophysicist who receives a message that seems to have extraterrestrial origins. Eerily soon after his discovery, Zane is fired. He then embarks on a search to determine the origins of the transmission that leads him into a Hitchcockian labyrinth of paranoia and intrigue.",https://image.tmdb.org/t/p/w500/7K7NExClVGDQMaHzj7gwx4mcJ40.jpg,"[{'name': 'Live Entertainment', 'id': 285}, {'name': 'Steelwork Films', 'id': 12450}, {'name': 'Mediaworks', 'id': 12451}]",31/05/1996,115,All they want is another shot...,6.1,200
"[{'id': 12, 'name': 'Adventure'}, {'id': 28, 'name': 'Action'}]",9826,The Phantom,The 21st successor to the role of Bengalla's resident superhero must travel to New York to prevent a rich madman from obtaining three magic skulls that would give him the secret to ultimate power.,https://image.tmdb.org/t/p/w500/8k8RSMkmGR9Lp6FbKtithM3KIQb.jpg,"[{'name': 'Paramount Pictures', 'id': 4}, {'name': 'Village Roadshow Pictures', 'id': 79}, {'name': 'The Ladd Company', 'id': 7965}]",06/06/1996,100,,4.7,138
"[{'id': 35, 'name': 'Comedy'}, {'id': 18, 'name': 'Drama'}, {'id': 10751, 'name': 'Family'}]",46732,The Grass Harp,"Based on the novel by Truman Capote, this often-witty coming-of-age drama looks at a young man growing up with an unusual family in the Deep South in the 1940s.",https://image.tmdb.org/t/p/w500/pcdi92LC26RW3zm97SwF3NXYTUr.jpg,"[{'name': 'Fine Line Features', 'id': 8}, {'name': 'Charles Matthau-Jerry Tokofsky-John Davis Productions', 'id': 17064}]",10/09/1995,107,,6.1,4
"[{'id': 18, 'name': 'Drama'}]",181083,Wend Kuuni,"In pre-colonial times a peddler crossing the savanna discovers a child lying unconscious in the bush. When the boy comes to, he is mute and cannot explain who he is. The peddler leaves him with a family in the nearest village. After a search for his parents, the family adopts him, giving him the name Wend Kuuni (God's Gift) and a loving sister with whom he bonds. Wend Kuuni regains his speech only after witnessing a tragic event that prompts him to reveal his own painful history.",https://image.tmdb.org/t/p/w500/7t0xjFUqy4T9gcM9lKYle8tTIq3.jpg,"[{'name': 'Direction du Cinema Haute Volta', 'id': 72469}]",01/01/1982,75,,5,1
"[{'id': 18, 'name': 'Drama'}, {'id': 10749, 'name': 'Romance'}, {'id': 10752, 'name': 'War'}]",81949,Un été inoubliable,"In 1925 Romania, young Marie-Therese Von Debretsy refuses the flirtatious advances of her husband's commanding officer. As a result, the cosmopolitan family is reassigned to a brutally bleak and dangerous outpost on the Bulgarian/Romanian frontier where both their relationship and humanity are severely tested.",https://image.tmdb.org/t/p/w500/qW6vsxia4F8Wk8FglHn3rgAVC0g.jpg,"[{'name': 'Canal Plus', 'id': 104}, {'name': 'MK2 Production', 'id': 6274}]",15/05/1994,82,,7.2,6
"[{'id': 18, 'name': 'Drama'}]",44495,A Very Natural Thing,"When David, an ex-monk still in his twenties meets Mark, he falls hard; soon he's asked Mark if they can live together. Things go well for awhile, and then differences in their definition of ""commitment"" begin to push them apart. Mark wants other sexual adventures, David tries to go along. Can they talk through the crisis in their relationship or is a breakup in the offing? David sees his relationship with Mark as a marriage, so if it ends, can David's heart ever heal?",https://image.tmdb.org/t/p/w500/4MsrBHWIClZIcd66XsWUn4lt2LO.jpg,[],01/01/1974,80,,6.3,3
"[{'id': 10749, 'name': 'Romance'}, {'id': 35, 'name': 'Comedy'}]",77056,Les Rendez-vous de Paris,Three stories of love and coincidence around the theme of dates in Paris.,https://image.tmdb.org/t/p/w500/qJ4su2pmWsOthJqfQ5RnNgMQu58.jpg,"[{'name': 'Canal+', 'id': 5358}, {'name': 'Compagnie Eric Rohmer (CER)', 'id': 30232}]",22/03/1995,94,,6.5,4
[],281085,A Boy Called Hate,"Amid a revolution in a South American mining outpost, a band of fugitives - a roguish adventurer, a local hooker, a priest, an aging diamond miner and his deaf-mute daughter - are forced to flee for their lives into the jungle. Starving, exhausted and stripped of their old identities, they wander desperately lured by one deceptive promise of salvation after another.",https://image.tmdb.org/t/p/w500/iCZ3CbjvmpQYabUY1F0yKgCwcgA.jpg,[],22/05/1996,0,,6,2
"[{'id': 12, 'name': 'Adventure'}, {'id': 18, 'name': 'Drama'}]",35206,La mort en ce jardin,"A bombastic, womanizing art dealer and his painter friend go to a seventeenth-century villa on the Riviera for a relaxing summer getaway. But their idyll is disturbed by the presence of the bohemian Haydée, accused of being a “collector” of men.",https://image.tmdb.org/t/p/w500/qpYET4H5XCxenOZUNrU5w5NXa4q.jpg,"[{'name': 'Producciones Tepeyac', 'id': 41954}, {'name': 'Dismage', 'id': 56112}]",21/09/1956,104,,7.4,8
"[{'id': 18, 'name': 'Drama'}, {'id': 35, 'name': 'Comedy'}, {'id': 10749, 'name': 'Romance'}]",4837,La Collectionneuse,"The journey of Michael Padovic, an American professor who arrives with his wife, Helene, at a Portuguese convent where he expects to find the documents needed to prove his theory: Shakespeare was born in Spain; not in England.",https://image.tmdb.org/t/p/w500/wxSls14xsv2iukhmjAIGS7xbB0.jpg,"[{'name': 'Rome Paris Films', 'id': 109}, {'name': 'Les Films du Losange', 'id': 223}]",02/03/1967,89,,6.5,25
"[{'id': 53, 'name': 'Thriller'}]",124614,O Convento,Professor Genessier is guilt-stricken after his daughter's face is disfigured in a car accident. He intends to rebuild his daughter's face via grafting skin tissue; he only needs a supply of donors to experiment on.,https://image.tmdb.org/t/p/w500/8VJt6pezZPNJAFJtDxFsjSN25ok.jpg,[],06/09/1995,91,,6.5,6
"[{'id': 18, 'name': 'Drama'}, {'id': 27, 'name': 'Horror'}, {'id': 53, 'name': 'Thriller'}]",31417,Les Yeux sans visage,"This time, a cataclysmic temblor hits Los Angeles, turning it into an island. The president views the quake as a sign from above, expels Los Angeles from the country and makes it a penal colony for those found guilty of moral crimes. When his daughter, part of a resistance movement, steals the control unit for a doomsday weapon, Snake again gets tapped to save the day.",https://image.tmdb.org/t/p/w500/orqJcha6R8vxIzL2ggCQm0LjRBa.jpg,"[{'name': 'Lux Film', 'id': 1679}, {'name': 'Champs-Élysées Productions', 'id': 13437}]",11/01/1960,90,,7.5,130
"[{'id': 28, 'name': 'Action'}, {'id': 12, 'name': 'Adventure'}, {'id': 878, 'name': 'Science Fiction'}, {'id': 53, 'name': 'Thriller'}]",10061,Escape from L.A.,Follows a young cyclo (bicycle cab) driver on his poverty-driven descent into criminality in modern-day Ho Chi Minh City. The boy's struggles to scratch out a living for his two sisters and grandfather in the mean streets of the city lead to petty crime on behalf of a mysterious Madame from whom he rents his cyclo.,https://image.tmdb.org/t/p/w500/rAjz6XFC6Zs07oraJSnajbaAbG9.jpg,"[{'name': 'Paramount Pictures', 'id': 4}, {'name': 'Rysher Entertainment', 'id': 11661}]",09/08/1996,97,,5.6,381
"[{'id': 80, 'name': 'Crime'}, {'id': 18, 'name': 'Drama'}]",36266,Xích lô,"Spanning the years 1945 to 1955, a chronicle of the fictional Italian-American Corleone crime family. When organized crime family patriarch, Vito Corleone barely survives an attempt on his life, his youngest son, Michael steps in to take care of the would-be killers, launching a campaign of bloody revenge.",https://image.tmdb.org/t/p/w500/mdOsnSVTLwHMEH1juOLMiwXcO5o.jpg,"[{'name': 'Cofimage 5', 'id': 1871}, {'name': 'Canal+', 'id': 5358}, {'name': 'Les Productions Lazennec', 'id': 5869}, {'name': 'Société Française de Production (SFP)', 'id': 6849}, {'name': 'Lumière', 'id': 11793}, {'name': 'La Sept Cinéma', 'id': 16366}, {'name': 'Centre National de la Cinématographie (CNC)', 'id': 18367}, {'name': 'Salon Films', 'id': 21331}, {'name': 'Cofimage 6', 'id': 78239}, {'name': 'Giai Phong Film Studio', 'id': 78240}]",01/01/1995,123,,6.8,23
"[{'id': 18, 'name': 'Drama'}, {'id': 80, 'name': 'Crime'}]",238,The Godfather,"Carl Panzram is sent to Leavenworth Prison for burglary. While there, he is brutally beaten by a guard. Neophyte guard Henry Lesser feels sympathy for Panzram, befriends him, and gets him to write his life story. Lesser learns that Panzram's past is much more violent than he thought, but also that he's capable of being a much better person than the rest of the prison staff believes - or so Lesser thinks.",https://image.tmdb.org/t/p/w500/rPdtLWNsZmAtoZl9PK7S2wE3qiS.jpg,"[{'name': 'Paramount Pictures', 'id': 4}, {'name': 'Alfran Productions', 'id': 10211}]",14/03/1972,175,,8.5,6024
"[{'id': 18, 'name': 'Drama'}]",59569,Killer: A Journal of Murder,A shipwrecked sailor stumbles upon a mysterious island and is shocked to discover that a brilliant scientist and his lab assistant have found a way to combine human and animal DNA with horrific results.,https://image.tmdb.org/t/p/w500/bGhq64TzH7i1jSmK0tYHbDmgzVQ.jpg,"[{'name': 'Ixtlan Productions', 'id': 525}, {'name': 'Breakheart Films', 'id': 15123}]",06/09/1996,91,,6.3,10
"[{'id': 14, 'name': 'Fantasy'}, {'id': 27, 'name': 'Horror'}, {'id': 878, 'name': 'Science Fiction'}]",9306,The Island of Dr. Moreau,"In 1927 Hollywood, Don Lockwood and Lina Lamont are a famous on-screen romantic pair in silent movies, but Lina mistakes the on-screen romance for real love. When their latest film is transformed into a musical, Don has the perfect voice for the songs, but strident voice faces the studio to dub her voice. Aspiring actress, Kathy Selden is brought in and, while she is working on the movie, Don falls in love with her.",https://image.tmdb.org/t/p/w500/hOJeQXve8W9rNRhdgC1WV3GQJyA.jpg,"[{'name': 'New Line Cinema', 'id': 12}]",23/08/1996,96,,4.6,148
"[{'id': 35, 'name': 'Comedy'}, {'id': 10402, 'name': 'Music'}, {'id': 10749, 'name': 'Romance'}]",872,Singin' in the Rain,A shy Greenwich Village book clerk is discovered by a fashion photographer and whisked off to Paris where she becomes a reluctant model.,https://image.tmdb.org/t/p/w500/d5J53CwrVs6txB8zhE6qS2QhIV.jpg,"[{'name': 'Metro-Goldwyn-Mayer (MGM)', 'id': 8411}]",10/04/1952,103,,7.9,747
"[{'id': 10402, 'name': 'Music'}, {'id': 35, 'name': 'Comedy'}, {'id': 10749, 'name': 'Romance'}]",13320,Funny Face,"From the moment she glimpses her idol at the stage door, Eve Harrington is determined to take the reins of power away from the great actress Margo Channing. Eve maneuvers her way into Margo's Broadway role, becomes a sensation and even causes turmoil in the lives of Margo's director boyfriend, her playwright and his wife. Only the cynical drama critic sees through Eve, admiring her audacity and perfect pattern of deceit.",https://image.tmdb.org/t/p/w500/1CW8Wn2itBQ7wACBQHpOyIbPpmD.jpg,"[{'name': 'Paramount Pictures', 'id': 4}]",13/02/1957,103,,7,162
"[{'id': 18, 'name': 'Drama'}]",705,All About Eve,A delightful Hitchcock film about an ex-burglar who must catch a thief who’s been copying this style before he gets accused of the wrong crimes. His time is running out as the police are close behind him yet he finds time for a little romance of course. A classic masterpiece starring Grace Kelly and Cary Grant.,https://image.tmdb.org/t/p/w500/6numIZH6uR3NlJgY9m7nGH0jhs.jpg,"[{'name': 'Twentieth Century Fox Film Corporation', 'id': 306}]",09/11/1950,138,,8,367
"[{'id': 80, 'name': 'Crime'}, {'id': 18, 'name': 'Drama'}, {'id': 9648, 'name': 'Mystery'}, {'id': 10749, 'name': 'Romance'}, {'id': 53, 'name': 'Thriller'}]",381,To Catch a Thief,"Proud father Stanley Banks remembers the day his daughter, Kay, got married. Starting when she announces her engagement through to the wedding itself, we learn of all the surprises and disasters along the way.",https://image.tmdb.org/t/p/w500/wizxvCHhWTpJXxRew6FGPGFWTVl.jpg,"[{'name': 'Paramount Pictures', 'id': 4}]",03/08/1955,106,,7.1,299
"[{'id': 35, 'name': 'Comedy'}, {'id': 18, 'name': 'Drama'}, {'id': 10751, 'name': 'Family'}, {'id': 10749, 'name': 'Romance'}]",20758,Father of the Bride,Lovestruck conservatory student Adriane pretends to be just as much as a cosmopolitan lover as the worldly mature Frank Flannag hoping that l’amour will take hold.,https://image.tmdb.org/t/p/w500/pmqjgYKLh1XEdWBoSwHHbZfIk5F.jpg,"[{'name': 'Metro-Goldwyn-Mayer (MGM)', 'id': 8411}]",16/06/1950,92,,6.6,43
"[{'id': 35, 'name': 'Comedy'}, {'id': 18, 'name': 'Drama'}, {'id': 10749, 'name': 'Romance'}]",18299,Love in the Afternoon,"George Bailey has spent his entire life giving of himself to the people of Bedford Falls. He has always longed to travel but never had the opportunity in order to prevent rich skinflint Mr. Potter from taking over the entire town. All that prevents him from doing so is George's modest building and loan company, which was founded by his generous father. But on Christmas Eve, George's Uncle Billy loses the business's $8,000 while intending to deposit it in the bank. Potter finds the misplaced money, hides it from Billy, and George's troubles begin.",https://image.tmdb.org/t/p/w500/szqbwEUt3TVWKLrQBiZiwR98Zi5.jpg,"[{'name': 'Allied Artists Pictures', 'id': 4928}]",30/06/1957,130,,7.3,55
"[{'id': 18, 'name': 'Drama'}, {'id': 10751, 'name': 'Family'}, {'id': 14, 'name': 'Fantasy'}]",1585,It's a Wonderful Life,"Charles returns to Paris to reminisce about the life he led in Paris after it was liberated. He worked on ""Stars and Stripes"" when he met Marion and Helen. He would marry and be happy staying in Paris after his discharge and working for a news organization. He would try to write his great novel and that would come between Charlie, his wife and his daughter",https://image.tmdb.org/t/p/w500/qRitcyVpWdL7bSV7akDcKTR2YxL.jpg,"[{'name': 'RKO Radio Pictures', 'id': 6}, {'name': 'Liberty Films (II)', 'id': 11770}]",20/12/1946,130,,8,1103
"[{'id': 10749, 'name': 'Romance'}, {'id': 18, 'name': 'Drama'}]",57575,The Last Time I Saw Paris,"Schlafes Bruder tells the story a few exceptionally talented individuals who grew up in a remote mountain town in the Alps. The film, based on an internationally successful novel by Robert Schneider of the same name, depicts the slow withering of their unique skills.",https://image.tmdb.org/t/p/w500/rerbqTR085seifQjy7bpnEJJ9qI.jpg,"[{'name': 'Metro-Goldwyn-Mayer (MGM)', 'id': 8411}]",01/01/1954,116,,5.1,9
"[{'id': 18, 'name': 'Drama'}]",890,Schlafes Bruder,"Having survived the hatred and bigotry that was his Klansman grandfather's only legacy, young attorney Adam Hall seeks at the last minute to appeal the old man's death sentence for the murder of two small Jewish boys 30 years before. Only four weeks before Sam Cayhall is to be executed, Adam meets his grandfather for the first time in the Mississippi prison which has held him since the crime. The meeting is predictably tense when the educated, young Mr. ""Hall"" confronts his venom-spewing elder, Mr. ""Cayhall,"" about the murders. The next day, headlines run proclaiming Adam the grandson who has come to the state to save his grandfather, the infamous Ku Klux Klan bomber. While the old man's life lies in the balance, Adam's motivation in fighting this battle becomes clear as the story unfolds. Not only does he fight for his grandfather, but perhaps for himself as well. He has come to heal the wounds of his own father's suicide...",https://image.tmdb.org/t/p/w500/wjvaafRCIGKLTJYm45oWgB494gJ.jpg,"[{'name': 'Dor Film Produktionsgesellschaft GmbH', 'id': 608}, {'name': 'Kuchenreuther Filmproduktion GmbH', 'id': 610}]",08/09/1995,127,,6.8,6
"[{'id': 80, 'name': 'Crime'}, {'id': 18, 'name': 'Drama'}]",6346,The Chamber,"A ship sent to investigate a wave of mysterious sinkings encounters the advanced submarine, the Nautilus, commanded by Captain Nemo.",https://image.tmdb.org/t/p/w500/dHwB9Fn2uBEkxkMZZxWpxMGrhL3.jpg,"[{'name': 'Imagine Entertainment', 'id': 23}, {'name': 'Universal Pictures', 'id': 33}, {'name': 'Davis Entertainment', 'id': 1302}]",11/10/1996,113,,5.9,62
"[{'id': 12, 'name': 'Adventure'}, {'id': 18, 'name': 'Drama'}, {'id': 878, 'name': 'Science Fiction'}]",173,"20,000 Leagues Under the Sea","Ballet star Pete ""Petrov"" Peters arranges to cross the Atlantic aboard the same ship as the dancer he's fallen for but barely knows, musical star Linda Keene. By the time the ocean liner reaches New York, a little white lie has churned through the rumor mill and turned into a hot gossip item: that the two celebrities are secretly married.",https://image.tmdb.org/t/p/w500/pdi0lk5a0Yaq2HAk5v7SAj8oxT7.jpg,"[{'name': 'Walt Disney Productions', 'id': 3166}]",23/12/1954,127,,6.9,160
"[{'id': 35, 'name': 'Comedy'}, {'id': 10402, 'name': 'Music'}, {'id': 10749, 'name': 'Romance'}]",31530,Shall We Dance,"Detective Philip Marlowe is hired by hulking Moose Malloy to locate his old girlfriend that he lost track of while serving time in prison. With each lead he follows, Marlowe encounters lies, larceny, perjury, theft and a beautiful femme fatale. Based on Raymond Chandler's novel ""Farewell My Lovely"", which was also the film's title in the United Kingdom.",https://image.tmdb.org/t/p/w500/3be6vue3lbHtRACpJigYT6OYRYM.jpg,"[{'name': 'RKO Radio Pictures', 'id': 6}]",07/05/1937,109,,7.9,22
"[{'id': 80, 'name': 'Crime'}, {'id': 18, 'name': 'Drama'}, {'id': 9648, 'name': 'Mystery'}, {'id': 53, 'name': 'Thriller'}]",1834,"Murder, My Sweet","Based on one of Hemingway's most famous works, it centers upon Santiago, an aging, down on his luck Cuban fisherman. After catching nothing for nearly 3 months, he hooks a huge Marlin and struggles to land it far out in the Gulf Stream.",https://image.tmdb.org/t/p/w500/tbyzfN1AUKTvzh058L9ZcOpS9Vn.jpg,"[{'name': 'RKO Radio Pictures', 'id': 6}]",09/12/1944,95,,7.2,48
"[{'id': 12, 'name': 'Adventure'}, {'id': 18, 'name': 'Drama'}]",11331,The Old Man and the Sea,"An ex-tennis pro carries out a plot to have his wife murdered after discovering she is having an affair, and assumes she will soon leave him for the other man anyway. When things go wrong, he improvises a new plan - to frame her for murder instead.",https://image.tmdb.org/t/p/w500/cZw8zKKwEOUrSNo14Nk91kz82gm.jpg,"[{'name': 'Warner Bros.', 'id': 6194}, {'name': 'Leland Hayward Productions', 'id': 18875}]",07/10/1958,86,,6,25
"[{'id': 80, 'name': 'Crime'}, {'id': 9648, 'name': 'Mystery'}, {'id': 53, 'name': 'Thriller'}]",521,Dial M for Murder,"Grace Rhodes, who is studying to be a doctor, returns to her hometown as a strange illness is afflicting the local children. The symptoms include a high fever and spasms, but even weirder is what happens the next day: All those with the illness claim they are somebody else -- then they begin murdering the grown-ups. After her sister undergoes the same sinister metamorphosis, Grace comes to believe there is some connection to an evil cult figure who may be returning from the grave.",https://image.tmdb.org/t/p/w500/xrpK1PyckNWmRxU4kZURfaCyboS.jpg,"[{'name': 'Warner Bros.', 'id': 6194}]",29/05/1954,104,,7.9,539
"[{'id': 27, 'name': 'Horror'}]",25750,Children of the Corn IV: The Gathering,"At the beginning of a nightly Alcoholics Anonymous meeting, Jim seems particularly troubled. His sponsor encourages him to talk that night, the first time in seven months, so he does - and leaves the meeting right after. As Jim wanders the night, searching for some solace in his old stomping grounds, bars and parks where he bought drugs, the meeting goes on, and we hear the stories of survivors and addicts - some, like Louis, who claim to have wandered in looking for choir practice, who don't call themselves alcoholic, and others, like Joseph, whose drinking almost caused the death of his child - as they talk about their lives at the meeting",https://image.tmdb.org/t/p/w500/tRjeV9AZgCXGTqyvlp7Ui55Yb3l.jpg,"[{'name': 'Dimension Films', 'id': 7405}]",08/10/1996,85,,4.6,41
"[{'id': 18, 'name': 'Drama'}]",116844,Drunks,,https://image.tmdb.org/t/p/w500/m4hhljww2oSBtEDPBqHRifSJXJd.jpg,"[{'name': 'Northern Lights Entertainment', 'id': 8816}, {'name': 'BMG Independents', 'id': 38567}, {'name': 'Kardana Films', 'id': 38692}]",14/03/1997,90,,0,0
